id,first_name,last_name,email,gender,ip_address,country
1,Samara,Yates,syates0@unblog.fr,Female,201.168.104.0,Bosnia and Herzegovina
2,Dulce,Trudgion,dtrudgion1@usatoday.com,Female,44.97.92.231,China
3,Lelia,Borkin,lborkin2@trellian.com,Female,0.52.232.192,Hungary
4,Adorne,Dayce,adayce3@amazonaws.com,Female,167.121.70.34,Luxembourg
5,Paul,Pactat,ppactat4@rambler.ru,Male,147.83.13.33,Bosnia and Herzegovina
6,Paulita,McGarrie,pmcgarrie5@hud.gov,Female,120.234.93.213,Solomon Islands
7,Arlette,Rivitt,arivitt6@sphinn.com,Female,208.230.224.117,Nigeria
8,Elvin,Guerry,eguerry7@ovh.net,Male,41.176.148.74,Japan
9,Mickie,Ackland,mackland8@samsung.com,Female,129.18.90.178,Philippines
10,Maiga,Dorset,mdorset9@howstuffworks.com,Female,198.188.159.225,Vietnam
11,Barton,Druitt,bdruitta@omniture.com,Male,177.17.26.210,Philippines
12,Yehudit,Balsillie,ybalsillieb@yale.edu,Male,159.160.177.82,China
13,Frasier,Elmer,felmerc@apple.com,Male,49.133.52.3,France
14,Warren,Pallis,wpallisd@bandcamp.com,Male,180.113.130.145,Canada
15,Natty,Oldfield,noldfielde@t.co,Male,232.99.216.48,Russia
16,Tessa,McGrotty,tmcgrottyf@bbc.co.uk,Female,155.153.242.25,Mexico
17,Artemas,Biaggioli,abiaggiolig@weebly.com,Male,245.200.200.128,Poland
18,Hughie,Capstick,hcapstickh@myspace.com,Male,95.142.227.152,Chad
19,Mozes,Arendsen,marendseni@spotify.com,Male,19.246.145.241,France
20,Alberik,Gerrie,agerriej@sfgate.com,Male,83.36.166.170,Afghanistan
21,Carling,Huckerbe,chuckerbek@de.vu,Male,252.55.238.40,Pakistan
22,Jayne,Olekhov,jolekhovl@newyorker.com,Female,147.248.98.197,Philippines
23,Dasha,Youde,dyoudem@booking.com,Female,170.164.89.93,Indonesia
24,Jaquenetta,Sterman,jstermann@boston.com,Female,61.147.81.68,Indonesia
25,Zelda,Kleen,zkleeno@oracle.com,Female,7.216.151.0,China
26,Buiron,Churchley,bchurchleyp@pen.io,Male,223.211.239.23,Brazil
27,Elaina,Ilyuchyov,eilyuchyovq@pcworld.com,Female,218.32.251.240,Spain
28,Giulio,Torricina,gtorricinar@webeden.co.uk,Male,138.2.81.127,Philippines
29,Gene,Rubert,gruberts@tinypic.com,Male,10.4.203.31,Indonesia
30,Jervis,Robke,jrobket@facebook.com,Male,246.64.58.191,China
31,Corri,Riggott,criggottu@walmart.com,Female,198.192.127.86,Philippines
32,Brandais,Marle,bmarlev@issuu.com,Female,103.140.253.89,Yemen
33,Jan,Mathes,jmathesw@squidoo.com,Female,119.66.67.78,Indonesia
34,Farlee,Abbe,fabbex@bbc.co.uk,Male,41.168.95.95,Poland
35,Christy,Oldcroft,coldcrofty@i2i.jp,Male,127.56.225.97,Canada
36,Evyn,Millar,emillarz@miitbeian.gov.cn,Male,143.90.32.46,Indonesia
37,Kory,Eborall,keborall10@shinystat.com,Male,177.46.106.71,China
38,Leanora,Trynor,ltrynor11@about.me,Female,199.79.94.191,Argentina
39,Rosaleen,Esilmon,resilmon12@ucoz.com,Female,159.154.171.116,China
40,Kathryn,Horley,khorley13@sun.com,Female,24.23.158.110,China
41,Elmo,Teodori,eteodori14@amazon.co.jp,Male,252.44.136.99,Brazil
42,Hesther,Taggart,htaggart15@archive.org,Female,157.168.54.124,Chile
43,Osbert,Devaney,odevaney16@digg.com,Male,221.41.172.123,Ukraine
44,Bartram,Hum,bhum17@pen.io,Male,44.144.82.147,Italy
45,Culver,Couch,ccouch18@latimes.com,Male,112.229.197.47,Afghanistan
46,Hesther,Lambot,hlambot19@kickstarter.com,Female,192.55.83.79,Argentina
47,Charlena,Widdowson,cwiddowson1a@nytimes.com,Female,68.182.132.33,China
48,Frederik,Harbach,fharbach1b@yellowbook.com,Male,28.217.184.192,Canada
49,Ellis,Fripp,efripp1c@weather.com,Male,150.34.103.73,Indonesia
50,Edd,Fronek,efronek1d@hatena.ne.jp,Male,200.109.102.99,Sweden
51,Cullin,Lidington,clidington1e@dailymail.co.uk,Male,111.162.42.11,Indonesia
52,Panchito,Carling,pcarling1f@epa.gov,Male,176.68.80.169,South Africa
53,Addie,Hedlestone,ahedlestone1g@cnn.com,Male,9.205.166.95,Canada
54,Truda,Tilt,ttilt1h@mtv.com,Female,231.161.96.218,Indonesia
55,Philippe,Jouanny,pjouanny1i@cam.ac.uk,Female,100.121.11.241,Cuba
56,Claus,Clohissy,cclohissy1j@oracle.com,Male,1.125.110.122,Indonesia
57,Georg,Ince,gince1k@t.co,Male,170.143.186.62,Honduras
58,Shirlee,Fronek,sfronek1l@who.int,Female,246.144.215.79,Yemen
59,Charles,Brayfield,cbrayfield1m@taobao.com,Male,150.43.15.218,Indonesia
60,Beret,Arney,barney1n@slideshare.net,Female,148.66.231.131,Argentina
61,Chance,Grinsted,cgrinsted1o@cbsnews.com,Male,142.150.39.98,Slovenia
62,Maggee,Reader,mreader1p@digg.com,Female,229.15.63.139,China
63,Nero,Trevillion,ntrevillion1q@nifty.com,Male,227.48.30.156,Sweden
64,Bessy,Thaim,bthaim1r@irs.gov,Female,120.100.8.92,Azerbaijan
65,Dayna,Rannald,drannald1s@engadget.com,Female,32.84.188.145,Argentina
66,Harlan,Stiegers,hstiegers1t@vistaprint.com,Male,230.248.139.118,Ukraine
67,Krisha,Purchase,kpurchase1u@liveinternet.ru,Male,217.212.201.42,Peru
68,Kristine,Hallworth,khallworth1v@geocities.jp,Female,255.21.33.32,Russia
69,Sascha,Bell,sbell1w@example.com,Male,213.116.79.181,China
70,Adara,Niset,aniset1x@dyndns.org,Female,177.88.52.17,France
71,Nat,Darracott,ndarracott1y@is.gd,Male,75.98.254.170,Brazil
72,Kimmie,Shackleford,kshackleford1z@jugem.jp,Female,149.88.116.223,China
73,Ediva,Caddie,ecaddie20@wufoo.com,Female,231.231.35.214,China
74,Danny,Casham,dcasham21@marketwatch.com,Male,64.220.20.233,Mexico
75,Buddy,Bentame,bbentame22@home.pl,Male,120.102.43.255,Pakistan
76,Cyrus,Halshaw,chalshaw23@cloudflare.com,Male,219.82.85.102,Croatia
77,Daffy,Biever,dbiever24@gizmodo.com,Female,230.3.123.42,France
78,Pen,Kirkup,pkirkup25@admin.ch,Male,129.163.174.232,Japan
79,Tyler,Cess,tcess26@netvibes.com,Male,143.44.151.139,Argentina
80,Annemarie,Lucus,alucus27@odnoklassniki.ru,Female,9.103.216.157,China
81,Efren,McGeever,emcgeever28@de.vu,Male,101.54.214.180,Indonesia
82,Alison,Torns,atorns29@msn.com,Female,35.126.31.73,Japan
83,Brodie,Smartman,bsmartman2a@cargocollective.com,Male,118.70.137.172,China
84,Liz,Lorent,llorent2b@booking.com,Female,249.39.60.227,Portugal
85,Dode,Trathan,dtrathan2c@people.com.cn,Female,102.9.102.253,Poland
86,Glynis,McAloren,gmcaloren2d@livejournal.com,Female,115.50.231.146,China
87,Lemmy,Balstone,lbalstone2e@twitpic.com,Male,23.196.98.224,Uganda
88,Karalynn,Walkden,kwalkden2f@reddit.com,Female,72.119.13.24,Thailand
89,Zorine,Rolfini,zrolfini2g@google.ca,Female,222.129.21.1,Indonesia
90,Nikolai,Baglan,nbaglan2h@fc2.com,Male,108.147.151.250,Portugal
91,Cris,Eakeley,ceakeley2i@cnbc.com,Male,165.122.246.9,Cyprus
92,Leonidas,Chapier,lchapier2j@nifty.com,Male,55.115.131.25,China
93,Dom,Son,dson2k@nbcnews.com,Male,231.218.174.12,Thailand
94,Wait,Yakolev,wyakolev2l@hc360.com,Male,18.166.170.109,Indonesia
95,Sergei,Mawhinney,smawhinney2m@cargocollective.com,Male,79.42.35.86,Russia
96,Clareta,Marmion,cmarmion2n@jiathis.com,Female,234.44.192.73,Russia
97,Dulcine,Bercher,dbercher2o@imgur.com,Female,37.31.99.215,Russia
98,Hayes,Brickdale,hbrickdale2p@unblog.fr,Male,175.43.187.7,Indonesia
99,Lanni,Dethloff,ldethloff2q@imdb.com,Female,185.214.244.113,China
100,Maridel,Walworth,mwalworth2r@example.com,Female,32.53.175.89,Poland
101,Tallie,Buckston,tbuckston2s@php.net,Female,84.216.104.119,Iran
102,Gerri,Hunnam,ghunnam2t@php.net,Female,226.234.19.48,China
103,Jaymee,Terzi,jterzi2u@slate.com,Female,201.63.24.141,Serbia
104,Myra,Crees,mcrees2v@nyu.edu,Female,255.59.4.71,Sweden
105,Broddy,Cranstone,bcranstone2w@ovh.net,Male,99.0.96.144,Poland
106,Oona,Chat,ochat2x@irs.gov,Female,146.239.243.23,Cameroon
107,Sherwin,Greenaway,sgreenaway2y@amazon.com,Male,167.136.114.107,Philippines
108,Angie,Robert,arobert2z@ca.gov,Male,177.222.227.196,China
109,Alf,Reaney,areaney30@photobucket.com,Male,176.178.180.217,United States
110,Dominic,Rudkin,drudkin31@statcounter.com,Male,23.221.48.254,Finland
111,Van,Cade,vcade32@scientificamerican.com,Female,54.48.60.211,Central African Republic
112,Sonnie,Brilleman,sbrilleman33@rambler.ru,Female,165.157.152.203,Armenia
113,Branden,Tredget,btredget34@cafepress.com,Male,85.32.51.29,Japan
114,Ellwood,Wetherell,ewetherell35@ucla.edu,Male,24.232.98.17,China
115,Erminie,McElhinney,emcelhinney36@webeden.co.uk,Female,19.163.181.136,China
116,Kenon,Domanek,kdomanek37@latimes.com,Male,40.135.20.30,Russia
117,Jorge,Midner,jmidner38@google.nl,Male,82.5.242.234,Ireland
118,Krystalle,Ellerbeck,kellerbeck39@scientificamerican.com,Female,48.180.86.108,Brazil
119,Vanni,Fillary,vfillary3a@reuters.com,Female,13.43.241.60,South Africa
120,Jeannie,Calderon,jcalderon3b@over-blog.com,Female,121.200.80.126,Indonesia
121,Annadiana,Pieroni,apieroni3c@youtube.com,Female,8.133.24.51,Philippines
122,Serge,Jerromes,sjerromes3d@ask.com,Male,180.211.118.107,Russia
123,Whit,Timblett,wtimblett3e@nydailynews.com,Male,42.105.150.135,Philippines
124,Catherina,Skellen,cskellen3f@nih.gov,Female,214.10.121.246,China
125,Miles,Bricksey,mbricksey3g@odnoklassniki.ru,Male,209.177.226.126,Malaysia
126,Clair,Thewys,cthewys3h@reuters.com,Female,247.113.103.104,Brazil
127,Fred,Minall,fminall3i@uiuc.edu,Male,84.34.21.88,China
128,Markus,Willder,mwillder3j@123-reg.co.uk,Male,142.211.231.221,China
129,Merci,Ianniello,mianniello3k@over-blog.com,Female,10.192.230.175,Brazil
130,Jerrine,Gemlbett,jgemlbett3l@oracle.com,Female,47.201.186.244,China
131,Sherman,Knott,sknott3m@shinystat.com,Male,52.93.228.79,China
132,Mella,Martyns,mmartyns3n@gizmodo.com,Female,49.59.138.216,China
133,Diarmid,Kruschov,dkruschov3o@digg.com,Male,110.51.65.58,Thailand
134,Taddeo,Dollin,tdollin3p@nba.com,Male,111.121.251.238,Norway
135,Luci,Monahan,lmonahan3q@over-blog.com,Female,124.8.50.99,Russia
136,Jilly,Grieger,jgrieger3r@altervista.org,Female,181.242.208.164,Argentina
137,Constantino,Byway,cbyway3s@deliciousdays.com,Male,61.122.11.72,China
138,Paquito,Burvill,pburvill3t@free.fr,Male,238.247.151.153,Indonesia
139,Noe,Doornbos,ndoornbos3u@altervista.org,Male,195.128.177.226,Portugal
140,Willy,Scoyles,wscoyles3v@ihg.com,Male,169.189.197.64,Philippines
141,Darin,Blint,dblint3w@cyberchimps.com,Male,124.220.214.72,Indonesia
142,Symon,Pietersma,spietersma3x@latimes.com,Male,159.165.72.204,Portugal
143,Clarance,Luckett,cluckett3y@bluehost.com,Male,22.6.122.193,China
144,Garrett,Benini,gbenini3z@themeforest.net,Male,138.204.190.101,Russia
145,Cyril,Harhoff,charhoff40@booking.com,Male,250.72.152.214,Brazil
146,Korella,Stallen,kstallen41@hubpages.com,Female,183.181.19.246,Yemen
147,Asher,O'Henery,aohenery42@unc.edu,Male,80.203.79.189,Thailand
148,Estelle,Yashin,eyashin43@instagram.com,Female,10.118.93.162,United States
149,Lukas,Gingell,lgingell44@ucla.edu,Male,238.72.162.237,Chile
150,Hulda,Gouthier,hgouthier45@army.mil,Female,206.186.119.212,Gambia
151,Byran,Sighart,bsighart46@ezinearticles.com,Male,171.63.27.41,Albania
152,Colman,Jaegar,cjaegar47@msn.com,Male,178.42.24.81,Morocco
153,Suzy,Pilgram,spilgram48@jigsy.com,Female,214.229.185.90,France
154,Beth,Moen,bmoen49@qq.com,Female,177.152.98.123,Russia
155,Thedrick,Blakey,tblakey4a@creativecommons.org,Male,159.18.211.147,China
156,Hebert,Mangan,hmangan4b@myspace.com,Male,88.38.61.209,China
157,Lorne,McArthur,lmcarthur4c@constantcontact.com,Male,47.66.227.42,Poland
158,Nowell,Kindell,nkindell4d@tripod.com,Male,21.84.240.254,Thailand
159,Free,Cromly,fcromly4e@yelp.com,Male,36.8.133.219,Jamaica
160,James,Fantham,jfantham4f@businessweek.com,Male,251.83.85.179,Ukraine
161,Rosina,LeEstut,rleestut4g@fc2.com,Female,92.70.201.166,Brazil
162,Lenna,McCuffie,lmccuffie4h@squidoo.com,Female,183.247.61.162,Norway
163,Lucio,Cocksedge,lcocksedge4i@ucsd.edu,Male,227.4.104.214,Sweden
164,Gibbie,Brazier,gbrazier4j@businessweek.com,Male,159.158.47.189,Indonesia
165,Abigale,Lyall,alyall4k@disqus.com,Female,180.178.56.12,Indonesia
166,Trey,Gagen,tgagen4l@skype.com,Male,237.33.66.71,China
167,Merv,Glowach,mglowach4m@thetimes.co.uk,Male,218.105.77.110,Georgia
168,Bellina,Bailey,bbailey4n@washington.edu,Female,51.1.199.140,Cameroon
169,Lucho,Worssam,lworssam4o@freewebs.com,Male,186.48.115.48,Indonesia
170,Maximilien,Copner,mcopner4p@npr.org,Male,42.204.187.125,Indonesia
171,Ezequiel,Stilgoe,estilgoe4q@flickr.com,Male,211.140.245.9,Indonesia
172,Corella,Singleton,csingleton4r@qq.com,Female,204.241.127.172,Yemen
173,Rahal,Hassent,rhassent4s@toplist.cz,Female,229.123.243.216,Argentina
174,Germana,Walker,gwalker4t@google.ru,Female,84.243.187.63,China
175,Early,Weiss,eweiss4u@dell.com,Male,209.146.20.108,Chile
176,Geri,Lutsch,glutsch4v@list-manage.com,Male,189.106.139.197,Canada
177,Niles,Spiring,nspiring4w@4shared.com,Male,25.153.79.196,China
178,Arnaldo,Ventura,aventura4x@cbc.ca,Male,211.199.162.62,Indonesia
179,Josiah,Krolman,jkrolman4y@biglobe.ne.jp,Male,71.5.93.170,Philippines
180,Elia,Stockton,estockton4z@1und1.de,Male,115.38.240.120,China
181,Carr,Trewin,ctrewin50@accuweather.com,Male,220.53.3.2,Russia
182,Man,Macieja,mmacieja51@wikimedia.org,Male,212.139.84.216,Mexico
183,Matilda,Maffioletti,mmaffioletti52@si.edu,Female,32.219.150.227,China
184,Cathrine,Polotti,cpolotti53@ebay.com,Female,24.90.94.95,China
185,My,Caen,mcaen54@comsenz.com,Male,77.0.54.144,Portugal
186,Marin,Spofforth,mspofforth55@geocities.jp,Female,102.44.84.69,Russia
187,Augustine,Chipp,achipp56@msn.com,Male,225.195.119.188,Ukraine
188,Fernandina,Poxson,fpoxson57@usgs.gov,Female,210.243.193.105,Canada
189,Udall,Gaishson,ugaishson58@oaic.gov.au,Male,133.35.199.71,Czech Republic
190,Kurt,Mulhall,kmulhall59@naver.com,Male,13.163.182.219,China
191,Gerry,Behrend,gbehrend5a@dell.com,Male,230.172.147.7,Peru
192,Marlane,Pincott,mpincott5b@usda.gov,Female,99.42.47.184,Sweden
193,Jerrilee,Hawkswood,jhawkswood5c@ehow.com,Female,194.21.229.24,China
194,Lucila,MacKilroe,lmackilroe5d@miibeian.gov.cn,Female,10.228.18.252,Poland
195,Caralie,Farquharson,cfarquharson5e@cam.ac.uk,Female,23.43.124.205,China
196,Jewelle,Forten,jforten5f@aol.com,Female,238.47.227.48,Poland
197,Shirlene,Ramalho,sramalho5g@hubpages.com,Female,95.188.165.201,Peru
198,Brigitte,Cowland,bcowland5h@fotki.com,Female,56.150.60.192,Indonesia
199,Tracee,Trebbett,ttrebbett5i@archive.org,Female,226.82.224.243,Bulgaria
200,Loralie,Wasielewicz,lwasielewicz5j@house.gov,Female,147.125.56.114,China
201,Olympia,Doers,odoers5k@jugem.jp,Female,147.235.42.208,Tanzania
202,Germaine,Minet,gminet5l@spiegel.de,Male,243.99.2.26,China
203,Arie,Keijser,akeijser5m@mysql.com,Male,167.225.29.44,China
204,Jimmie,Kenworthy,jkenworthy5n@twitpic.com,Male,203.76.67.165,Czech Republic
205,Carmelia,O'Scollee,coscollee5o@deliciousdays.com,Female,183.185.233.78,Japan
206,Candida,Stoltz,cstoltz5p@taobao.com,Female,195.207.20.183,South Africa
207,Galvin,Gloster,ggloster5q@livejournal.com,Male,3.7.66.137,United States
208,Whitby,Tinson,wtinson5r@huffingtonpost.com,Male,55.228.62.28,France
209,Manfred,Amber,mamber5s@github.io,Male,176.155.25.198,Peru
210,Jacqui,Alner,jalner5t@reverbnation.com,Female,188.148.98.155,Netherlands
211,Willetta,Skittrall,wskittrall5u@cnbc.com,Female,112.228.156.70,Russia
212,Blanche,Smidmoor,bsmidmoor5v@kickstarter.com,Female,225.121.34.108,France
213,Susy,Clibbery,sclibbery5w@sourceforge.net,Female,3.83.60.251,China
214,Jonas,Kembery,jkembery5x@last.fm,Male,148.188.159.34,China
215,Lin,Inkpen,linkpen5y@comsenz.com,Male,207.41.73.114,Indonesia
216,Gibby,De Michele,gdemichele5z@si.edu,Male,228.84.150.241,Argentina
217,Petrina,Georgi,pgeorgi60@ox.ac.uk,Female,96.96.63.15,Japan
218,Armin,Radish,aradish61@amazon.co.jp,Male,199.139.140.243,Indonesia
219,Bernie,Goodwin,bgoodwin62@shareasale.com,Male,252.113.150.249,Indonesia
220,Stanton,Southern,ssouthern63@surveymonkey.com,Male,148.231.251.248,Portugal
221,Lonee,Bourley,lbourley64@independent.co.uk,Female,56.254.44.106,China
222,Cheri,Blackly,cblackly65@goo.gl,Female,106.65.8.97,Nigeria
223,Terri,Aluard,taluard66@macromedia.com,Male,200.13.154.186,Indonesia
224,Burnard,Pittson,bpittson67@shareasale.com,Male,239.213.202.169,Czech Republic
225,Lorne,Biford,lbiford68@clickbank.net,Male,204.179.74.104,Indonesia
226,Stoddard,Rowbottom,srowbottom69@patch.com,Female,99.201.68.38,Philippines
227,Ferdinande,Bowton,fbowton6a@hc360.com,Female,4.216.215.212,Tunisia
228,Berti,MacDavitt,bmacdavitt6b@wunderground.com,Male,250.119.139.142,China
229,Quinn,Kiendl,qkiendl6c@va.gov,Male,143.180.116.23,Saint Kitts and Nevis
230,Tucky,Sherrin,tsherrin6d@123-reg.co.uk,Male,220.173.4.36,China
231,Virginie,Vedyaev,vvedyaev6e@usatoday.com,Female,128.178.198.7,Russia
232,Dari,Moseley,dmoseley6f@foxnews.com,Female,127.12.54.16,Portugal
233,Viviana,Cullity,vcullity6g@walmart.com,Female,77.107.241.45,Ethiopia
234,Harlin,Silman,hsilman6h@hatena.ne.jp,Male,229.225.126.94,Sri Lanka
235,Johan,Braganca,jbraganca6i@paginegialle.it,Male,8.177.36.221,Sweden
236,Rhoda,Baxill,rbaxill6j@unc.edu,Female,90.232.76.224,Mexico
237,Risa,Halligan,rhalligan6k@theguardian.com,Female,152.220.133.6,China
238,Roseanne,Edwins,redwins6l@fotki.com,Female,250.177.191.190,Russia
239,Merilyn,Guess,mguess6m@zimbio.com,Female,183.86.11.65,Indonesia
240,Gar,Locarno,glocarno6n@usgs.gov,Male,108.58.203.22,Paraguay
241,Brigit,Westwell,bwestwell6o@marriott.com,Female,203.99.137.18,United Kingdom
242,Shelby,Storks,sstorks6p@twitpic.com,Male,53.77.81.61,Mexico
243,Davie,Blakemore,dblakemore6q@ifeng.com,Male,190.166.91.205,France
244,Laraine,Southcombe,lsouthcombe6r@reddit.com,Female,225.191.78.126,China
245,Aila,Kezourec,akezourec6s@soup.io,Female,227.143.223.29,Philippines
246,Enrika,Ailsbury,eailsbury6t@vinaora.com,Female,103.20.239.91,Brazil
247,Orlando,Brabin,obrabin6u@vimeo.com,Male,121.173.55.21,Brazil
248,Farley,Arons,farons6v@squidoo.com,Male,219.215.9.242,Ireland
249,Malanie,Lieb,mlieb6w@unblog.fr,Female,232.198.113.175,South Korea
250,Caryl,Stiffkins,cstiffkins6x@answers.com,Female,30.54.176.46,Cuba
251,Lian,Papachristophorou,lpapachristophorou6y@sun.com,Female,129.110.43.179,Finland
252,Jada,Ive,jive6z@jalbum.net,Female,241.251.62.193,Russia
253,Charla,Gosforth,cgosforth70@icq.com,Female,83.101.247.235,Honduras
254,Barry,Meadowcroft,bmeadowcroft71@mozilla.org,Male,188.215.129.116,Luxembourg
255,Lea,Bogaert,lbogaert72@icq.com,Female,143.159.60.192,China
256,Alicea,Cathro,acathro73@wordpress.org,Female,83.177.84.0,Brazil
257,Bettine,Karpf,bkarpf74@howstuffworks.com,Female,153.224.90.141,China
258,Shelley,Goodenough,sgoodenough75@boston.com,Male,117.155.224.164,Indonesia
259,Lock,Braybrooke,lbraybrooke76@nih.gov,Male,10.120.72.228,Dominican Republic
260,Eleonore,Poznan,epoznan77@feedburner.com,Female,69.22.235.213,Canada
261,Orelia,Goodsell,ogoodsell78@ihg.com,Female,106.225.50.167,United States
262,Justis,Candwell,jcandwell79@twitpic.com,Male,50.107.18.172,Luxembourg
263,Curran,Heathwood,cheathwood7a@netvibes.com,Male,122.143.215.137,Russia
264,Alie,McAuslan,amcauslan7b@guardian.co.uk,Female,185.224.35.255,Indonesia
265,Hillary,Devorill,hdevorill7c@spotify.com,Male,194.175.224.96,Portugal
266,Jordan,de Villier,jdevillier7d@google.com,Female,166.24.153.219,Dominican Republic
267,Erick,Middlemiss,emiddlemiss7e@jiathis.com,Male,56.191.206.66,Poland
268,Sutherland,Renad,srenad7f@scientificamerican.com,Male,175.4.198.32,Burkina Faso
269,Son,Marshalleck,smarshalleck7g@nydailynews.com,Male,10.98.176.130,China
270,Olenolin,Curnnok,ocurnnok7h@biglobe.ne.jp,Male,56.178.199.167,Indonesia
271,Netti,Vautin,nvautin7i@squarespace.com,Female,12.227.19.33,China
272,Nicko,Rizzardini,nrizzardini7j@discovery.com,Male,9.221.31.198,Pakistan
273,Fulton,Pounsett,fpounsett7k@cnet.com,Male,12.235.16.115,Nigeria
274,Ninon,Felce,nfelce7l@xing.com,Female,71.32.7.4,Venezuela
275,Peter,Dockree,pdockree7m@cyberchimps.com,Male,233.68.73.115,Brazil
276,Johnnie,Oleszcuk,joleszcuk7n@cafepress.com,Male,165.45.189.176,Brazil
277,Jarid,Rockell,jrockell7o@biblegateway.com,Male,95.114.195.247,Senegal
278,Lothario,Bitcheno,lbitcheno7p@webeden.co.uk,Male,178.180.63.240,France
279,Arturo,Ruppele,aruppele7q@vk.com,Male,6.110.152.26,China
280,Weylin,Rogier,wrogier7r@exblog.jp,Male,224.32.61.189,Indonesia
281,Bert,Airds,bairds7s@foxnews.com,Female,17.173.24.235,Indonesia
282,Mitchel,Charlson,mcharlson7t@webnode.com,Male,148.118.18.182,China
283,Becka,Spoor,bspoor7u@wiley.com,Female,83.165.232.45,Tunisia
284,Eldon,Batterton,ebatterton7v@reverbnation.com,Male,238.156.36.215,Indonesia
285,Burton,Wharlton,bwharlton7w@people.com.cn,Male,8.42.53.10,Russia
286,Nickie,Crowden,ncrowden7x@google.ru,Male,138.98.166.82,Brazil
287,Charmain,Iorio,ciorio7y@twitter.com,Female,21.24.131.129,China
288,Janessa,Rubinfajn,jrubinfajn7z@discuz.net,Female,204.0.126.209,China
289,Eimile,Fone,efone80@utexas.edu,Female,158.156.225.39,Haiti
290,Lowrance,Baelde,lbaelde81@go.com,Male,6.155.182.45,Greece
291,Nickie,MacKeever,nmackeever82@nih.gov,Male,142.118.78.83,North Korea
292,Constantino,Braunlein,cbraunlein83@google.ca,Male,147.178.189.147,Sweden
293,Krystal,Earry,kearry84@ehow.com,Female,118.78.117.62,Russia
294,Hewet,Byas,hbyas85@yale.edu,Male,124.217.48.166,France
295,Audra,Olenov,aolenov86@delicious.com,Female,160.172.224.4,Bolivia
296,Jolee,McCaw,jmccaw87@rambler.ru,Female,84.45.200.206,Russia
297,Norris,Piddick,npiddick88@shareasale.com,Male,19.178.68.117,Russia
298,Indira,Rewan,irewan89@angelfire.com,Female,121.252.72.125,France
299,Luciano,Hauck,lhauck8a@trellian.com,Male,189.93.64.61,France
300,Isaiah,Pearl,ipearl8b@sciencedirect.com,Male,112.206.78.169,Japan
301,Em,Ishak,eishak8c@myspace.com,Male,111.55.5.63,Philippines
302,Cyrille,Lorenzetti,clorenzetti8d@paypal.com,Male,153.8.82.61,Portugal
303,Holmes,Wand,hwand8e@de.vu,Male,57.220.43.48,Russia
304,Westley,Tulley,wtulley8f@wikia.com,Male,114.56.126.108,China
305,Mitchell,Traher,mtraher8g@mapquest.com,Male,164.199.159.196,China
306,Yancey,Niblo,yniblo8h@ft.com,Male,146.248.161.89,Indonesia
307,Alexandr,Woolfoot,awoolfoot8i@google.com,Male,229.206.147.86,France
308,Parry,Baroc,pbaroc8j@youtube.com,Male,81.133.11.60,Japan
309,Anabella,Kmiec,akmiec8k@elpais.com,Female,145.134.92.108,Argentina
310,Jemmie,Vasyushkhin,jvasyushkhin8l@indiatimes.com,Female,91.129.237.90,China
311,Sibbie,Dineges,sdineges8m@hao123.com,Female,52.42.4.186,China
312,Lincoln,Archbald,larchbald8n@businessweek.com,Male,2.135.227.234,China
313,Jard,Webermann,jwebermann8o@statcounter.com,Male,111.194.170.104,Albania
314,Wyatan,Casbourne,wcasbourne8p@networkadvertising.org,Male,122.34.90.138,Indonesia
315,Lutero,Loughman,lloughman8q@biglobe.ne.jp,Male,43.148.142.68,Indonesia
316,Cinda,Paoli,cpaoli8r@flavors.me,Female,235.99.221.189,Poland
317,Ced,Kellard,ckellard8s@techcrunch.com,Male,191.16.143.40,Thailand
318,Reade,Taberer,rtaberer8t@xrea.com,Male,46.131.29.194,Brazil
319,Field,Ayllett,fayllett8u@indiegogo.com,Male,16.2.210.28,China
320,Rhona,Fitchett,rfitchett8v@zdnet.com,Female,149.26.15.237,Paraguay
321,Jasun,Canham,jcanham8w@bravesites.com,Male,238.127.87.50,Japan
322,Ruth,Benezeit,rbenezeit8x@cbsnews.com,Female,238.145.195.113,Ukraine
323,Roxy,Weafer,rweafer8y@geocities.jp,Female,162.5.82.184,Russia
324,Betty,Davitashvili,bdavitashvili8z@state.tx.us,Female,31.5.155.199,Indonesia
325,Ferdie,Stoggles,fstoggles90@tamu.edu,Male,171.89.50.25,France
326,Calv,Reiner,creiner91@homestead.com,Male,49.105.156.190,Ethiopia
327,Christos,Knowlman,cknowlman92@mac.com,Male,32.32.0.234,Palestinian Territory
328,Jerrold,Deener,jdeener93@weather.com,Male,70.64.89.102,Indonesia
329,Sofia,Dearing,sdearing94@home.pl,Female,132.134.187.102,Russia
330,Archer,Vitte,avitte95@phpbb.com,Male,238.6.211.213,Peru
331,Patton,Firebrace,pfirebrace96@weibo.com,Male,124.164.77.10,Portugal
332,Sloan,Godbert,sgodbert97@devhub.com,Male,83.7.228.52,Philippines
333,Elyn,Callcott,ecallcott98@a8.net,Female,96.187.8.70,Indonesia
334,Barty,Chiverton,bchiverton99@china.com.cn,Male,134.129.76.94,United States
335,Dave,Fippe,dfippe9a@xrea.com,Male,218.242.40.26,China
336,Ingrim,Haddleton,ihaddleton9b@rediff.com,Male,105.27.190.22,Portugal
337,Loella,Drews,ldrews9c@ehow.com,Female,208.251.124.19,Guatemala
338,Berti,Blaby,bblaby9d@answers.com,Male,167.239.192.171,Nigeria
339,Dorothea,Bellam,dbellam9e@imgur.com,Female,197.84.235.250,Peru
340,Germayne,Semmence,gsemmence9f@de.vu,Male,78.253.154.110,Mexico
341,Willa,Beernt,wbeernt9g@si.edu,Female,140.184.187.1,Brazil
342,Miquela,Wolfit,mwolfit9h@soup.io,Female,191.47.69.100,Russia
343,Francesco,Alpin,falpin9i@yandex.ru,Male,245.161.230.152,Russia
344,Thalia,Please,tplease9j@marriott.com,Female,161.92.105.197,China
345,Michael,Spurr,mspurr9k@independent.co.uk,Male,236.67.18.116,Tanzania
346,Berkeley,Gissop,bgissop9l@mtv.com,Male,6.250.112.10,Brazil
347,Fredrick,Reddish,freddish9m@unesco.org,Male,31.250.139.251,Costa Rica
348,Jasmin,Warkup,jwarkup9n@indiatimes.com,Female,93.138.225.131,Russia
349,Wainwright,Pedlar,wpedlar9o@reverbnation.com,Male,112.240.101.5,Zambia
350,Pepito,Collaton,pcollaton9p@g.co,Male,182.40.126.129,Morocco
351,Wyn,Benduhn,wbenduhn9q@bbc.co.uk,Male,221.161.100.217,Philippines
352,Franky,McKennan,fmckennan9r@comcast.net,Male,17.81.229.127,Indonesia
353,Arabelle,Sprulls,asprulls9s@sourceforge.net,Female,51.165.211.205,Ireland
354,Reg,Shotboulte,rshotboulte9t@npr.org,Male,3.26.223.216,France
355,Arel,Huddles,ahuddles9u@si.edu,Male,214.17.10.68,Thailand
356,Abby,Gallihaulk,agallihaulk9v@hibu.com,Male,234.95.216.109,Brazil
357,Zoe,Duthy,zduthy9w@elpais.com,Female,203.86.249.125,Serbia
358,Neville,Jakobssen,njakobssen9x@ft.com,Male,132.177.183.226,Greece
359,Prinz,Kolodziejski,pkolodziejski9y@about.me,Male,189.228.81.5,Samoa
360,Shaine,Ferro,sferro9z@addtoany.com,Male,9.49.118.161,China
361,Bartlet,Joye,bjoyea0@oaic.gov.au,Male,191.69.131.213,Argentina
362,Gill,Mandrier,gmandriera1@cnbc.com,Female,227.18.15.50,Russia
363,Dionne,Purves,dpurvesa2@hao123.com,Female,254.6.41.62,China
364,Upton,Scholer,uscholera3@noaa.gov,Male,111.98.52.120,Ukraine
365,Fredrick,Krinks,fkrinksa4@redcross.org,Male,200.130.223.123,France
366,Webster,Balser,wbalsera5@wiley.com,Male,189.223.169.255,Poland
367,Gilbert,Berecloth,gbereclotha6@studiopress.com,Male,18.139.88.53,Indonesia
368,Urban,Mingus,umingusa7@purevolume.com,Male,25.113.211.109,China
369,Wright,Cadore,wcadorea8@psu.edu,Male,236.123.205.150,China
370,Moshe,Sherwen,msherwena9@technorati.com,Male,116.114.5.4,Indonesia
371,Alyssa,Scarre,ascarreaa@sohu.com,Female,237.92.110.247,Brazil
372,Caz,Spillman,cspillmanab@bluehost.com,Male,76.244.219.24,China
373,Dniren,Hatch,dhatchac@ocn.ne.jp,Female,140.39.93.240,Palestinian Territory
374,Haleigh,Gerring,hgerringad@reuters.com,Male,1.33.84.59,Indonesia
375,Titus,Jost,tjostae@tinyurl.com,Male,206.88.54.176,Argentina
376,Barbra,De Cleyne,bdecleyneaf@ihg.com,Female,5.11.135.60,Malaysia
377,Clemence,Axel,caxelag@imgur.com,Female,219.147.167.93,Peru
378,Ingmar,Dislee,idisleeah@rakuten.co.jp,Male,8.67.23.191,South Africa
379,Fleur,Thorndycraft,fthorndycraftai@shareasale.com,Female,140.94.21.155,Afghanistan
380,Raimundo,Noar,rnoaraj@java.com,Male,170.166.90.152,Egypt
381,Wilburt,Enos,wenosak@bluehost.com,Male,140.54.107.158,United States
382,Noelyn,Tillett,ntillettal@wp.com,Female,159.237.82.113,China
383,Othilia,Pender,openderam@pagesperso-orange.fr,Female,237.0.77.143,China
384,Almira,Rosindill,arosindillan@prnewswire.com,Female,96.85.228.45,Cyprus
385,Cathrine,Woodrow,cwoodrowao@unblog.fr,Female,85.167.52.238,Vietnam
386,Gaye,Maber,gmaberap@java.com,Female,26.124.168.254,Taiwan
387,Lane,Derricoat,lderricoataq@java.com,Female,83.68.0.113,China
388,Bryant,Hearns,bhearnsar@hibu.com,Male,76.166.105.50,China
389,Wynn,Elix,welixas@scribd.com,Female,118.247.154.229,Japan
390,Caroljean,Fransseni,cfransseniat@domainmarket.com,Female,5.254.213.90,Philippines
391,Boony,Driver,bdriverau@engadget.com,Male,77.56.176.129,Russia
392,Inger,Beattie,ibeattieav@discovery.com,Female,112.199.14.83,China
393,Kristofor,Buddleigh,kbuddleighaw@spotify.com,Male,28.213.41.77,China
394,Renata,Hovie,rhovieax@pen.io,Female,180.240.89.130,Philippines
395,Corilla,Mellsop,cmellsopay@tuttocitta.it,Female,88.88.157.203,Indonesia
396,Portie,Sabatier,psabatieraz@zimbio.com,Male,234.10.53.171,Philippines
397,Jason,Whitelaw,jwhitelawb0@imageshack.us,Male,153.67.11.61,Philippines
398,Matti,Jarman,mjarmanb1@goo.gl,Female,102.117.65.194,South Africa
399,Bondon,Levings,blevingsb2@webs.com,Male,166.189.7.233,Philippines
400,Joana,Mc Curlye,jmccurlyeb3@163.com,Female,237.2.126.51,Philippines
401,Annadiane,Shawyer,ashawyerb4@icq.com,Female,9.70.92.66,Russia
402,Gregorius,Celiz,gcelizb5@timesonline.co.uk,Male,250.87.168.5,China
403,Krisha,Sinnatt,ksinnattb6@ftc.gov,Male,141.20.61.86,Ukraine
404,Pyotr,Plummer,pplummerb7@seesaa.net,Male,238.151.50.71,Cameroon
405,Price,Nelligan,pnelliganb8@meetup.com,Male,57.240.123.215,China
406,Terza,Butfield,tbutfieldb9@cisco.com,Female,130.227.221.166,Russia
407,Emory,Osanne,eosanneba@aol.com,Male,157.156.241.213,Indonesia
408,Liesa,Briereton,lbrieretonbb@rambler.ru,Female,72.180.253.253,Serbia
409,Flora,Poulden,fpouldenbc@qq.com,Female,84.131.23.153,France
410,Fonsie,Ruzek,fruzekbd@people.com.cn,Male,248.38.179.202,Indonesia
411,Huntley,Braitling,hbraitlingbe@tiny.cc,Male,212.148.96.65,China
412,Gus,Tattam,gtattambf@usgs.gov,Female,35.123.29.13,Indonesia
413,Oona,Dennerly,odennerlybg@privacy.gov.au,Female,95.147.149.6,Japan
414,Cyndia,Gourdon,cgourdonbh@bing.com,Female,132.72.203.32,Thailand
415,Britt,Sotham,bsothambi@ustream.tv,Male,76.22.108.21,Brazil
416,Jonell,Petofi,jpetofibj@va.gov,Female,18.232.181.30,Zambia
417,Chase,Izak,cizakbk@sakura.ne.jp,Male,53.121.166.155,Portugal
418,Cinda,Charkham,ccharkhambl@virginia.edu,Female,54.114.122.6,Nigeria
419,Micheal,Talby,mtalbybm@epa.gov,Male,80.42.21.254,Brazil
420,Sidonnie,Negus,snegusbn@fotki.com,Female,189.51.151.194,China
421,Ferdinande,Ben,fbenbo@google.de,Female,135.43.228.234,China
422,Emlynn,Mackrill,emackrillbp@cbslocal.com,Female,216.170.199.119,Bulgaria
423,Mackenzie,Schwandermann,mschwandermannbq@xrea.com,Male,183.252.43.131,United States
424,Meryl,Nealey,mnealeybr@blog.com,Female,14.22.22.196,Brazil
425,Lonny,Foat,lfoatbs@businessweek.com,Male,34.236.212.46,China
426,Juana,Banbrook,jbanbrookbt@economist.com,Female,26.87.58.247,China
427,Shandra,Londors,slondorsbu@ameblo.jp,Female,194.141.23.129,China
428,Fitzgerald,McGown,fmcgownbv@twitter.com,Male,142.83.17.219,China
429,Cherilynn,Callery,ccallerybw@indiatimes.com,Female,61.26.247.210,Russia
430,Marchelle,Matzel,mmatzelbx@behance.net,Female,83.33.143.254,Philippines
431,Minnaminnie,Stirley,mstirleyby@list-manage.com,Female,213.85.148.193,Honduras
432,David,Keats,dkeatsbz@discuz.net,Male,156.245.73.163,Indonesia
433,Illa,Benjefield,ibenjefieldc0@ucla.edu,Female,58.244.143.92,Ukraine
434,Nikola,Neligan,nneliganc1@salon.com,Male,90.44.35.217,Togo
435,Aleksandr,Gloy,agloyc2@bandcamp.com,Male,150.201.25.68,Serbia
436,Juditha,Carbonell,jcarbonellc3@gravatar.com,Female,117.11.144.181,China
437,Verine,Pash,vpashc4@last.fm,Female,131.98.199.117,Greece
438,Tab,Kemston,tkemstonc5@marketwatch.com,Male,236.229.22.223,Serbia
439,Muhammad,Veltman,mveltmanc6@51.la,Male,72.49.143.177,Finland
440,Eb,Kleuer,ekleuerc7@sina.com.cn,Male,3.242.205.247,Mozambique
441,Tandi,Mobbs,tmobbsc8@csmonitor.com,Female,213.244.74.13,Portugal
442,Wendell,Lansdowne,wlansdownec9@uol.com.br,Male,18.170.167.0,United States
443,Nero,Fancutt,nfancuttca@fema.gov,Male,105.71.120.10,France
444,Corly,Mainds,cmaindscb@webeden.co.uk,Female,182.51.225.8,Mexico
445,Sharron,Simacek,ssimacekcc@mediafire.com,Female,104.45.189.174,Japan
446,Alex,Fletcher,afletchercd@usda.gov,Male,59.194.130.37,China
447,Eloise,Petrolli,epetrollice@bbc.co.uk,Female,57.117.62.21,Nigeria
448,Gabey,Peedell,gpeedellcf@sogou.com,Female,33.136.214.187,Sweden
449,Kizzee,McCracken,kmccrackencg@mediafire.com,Female,120.92.132.92,Philippines
450,Huntley,Rigg,hriggch@cbsnews.com,Male,206.119.155.134,Thailand
451,Alan,Jacomb,ajacombci@cnet.com,Male,232.243.94.40,Indonesia
452,Goldie,Woodham,gwoodhamcj@statcounter.com,Female,167.242.179.166,Portugal
453,Marney,Reuven,mreuvenck@earthlink.net,Female,104.127.112.154,Philippines
454,Victor,Yancey,vyanceycl@51.la,Male,137.4.62.67,Indonesia
455,Brandi,Sawford,bsawfordcm@unblog.fr,Female,44.31.92.38,Thailand
456,Carolin,Dougan,cdougancn@ucoz.com,Female,213.132.123.191,Togo
457,Evelin,Causnett,ecausnettco@sbwire.com,Male,201.190.159.138,United States
458,Cindi,Izakson,cizaksoncp@ustream.tv,Female,234.129.120.45,Indonesia
459,Bennie,Kydd,bkyddcq@zdnet.com,Male,195.101.126.37,United States
460,Jacobo,Halleday,jhalledaycr@de.vu,Male,154.51.247.101,Peru
461,Oralee,Lardnar,olardnarcs@amazon.de,Female,27.200.158.71,China
462,Carly,Beeson,cbeesonct@4shared.com,Female,52.245.222.208,Costa Rica
463,Jonis,Kennefick,jkennefickcu@ed.gov,Female,109.32.171.3,Madagascar
464,Rosaline,Dassindale,rdassindalecv@boston.com,Female,136.168.2.226,Greece
465,Lorenzo,Mutimer,lmutimercw@latimes.com,Male,141.95.6.220,Croatia
466,Pall,Scarrott,pscarrottcx@bluehost.com,Male,216.67.108.190,France
467,Tyrus,Dobeson,tdobesoncy@biblegateway.com,Male,168.111.82.76,Indonesia
468,Doris,Derr,dderrcz@phoca.cz,Female,251.5.22.161,Ukraine
469,Thorstein,Rintoul,trintould0@wufoo.com,Male,195.162.218.21,Poland
470,Jojo,Matyatin,jmatyatind1@slideshare.net,Female,52.58.77.53,Philippines
471,Esma,Haggie,ehaggied2@phpbb.com,Female,243.81.59.103,China
472,Roberta,Laker,rlakerd3@wikipedia.org,Female,237.11.58.7,United States
473,Ellette,Aspden,easpdend4@mac.com,Female,108.113.75.97,Argentina
474,Amitie,Linforth,alinforthd5@comsenz.com,Female,191.43.123.105,Russia
475,Orazio,Clampett,oclampettd6@auda.org.au,Male,54.95.205.205,Philippines
476,Bertrando,Haddrill,bhaddrilld7@ox.ac.uk,Male,84.122.10.69,China
477,Bevan,Lapthorne,blapthorned8@imgur.com,Male,99.106.128.3,China
478,Vinson,Stickel,vstickeld9@nbcnews.com,Male,15.227.242.33,Iran
479,Sydney,Hanning,shanningda@flavors.me,Male,77.50.227.176,Ukraine
480,Edan,Ducarel,educareldb@reverbnation.com,Male,236.121.225.238,Serbia
481,Alethea,Vasilchikov,avasilchikovdc@ehow.com,Female,223.253.164.65,Greece
482,Brannon,Brucker,bbruckerdd@seesaa.net,Male,240.169.251.163,Kazakhstan
483,Culver,Lehr,clehrde@rediff.com,Male,63.250.9.232,Sweden
484,Clem,Beardsley,cbeardsleydf@vimeo.com,Male,241.70.75.145,Slovenia
485,Cad,Radloff,cradloffdg@feedburner.com,Male,31.252.31.80,Ireland
486,Yance,Wrates,ywratesdh@smh.com.au,Male,131.52.243.180,South Africa
487,Josephina,Meffin,jmeffindi@merriam-webster.com,Female,183.62.182.27,France
488,Hamlin,Gaylord,hgaylorddj@github.com,Male,72.173.151.166,Israel
489,Heidie,Matitiaho,hmatitiahodk@exblog.jp,Female,166.119.31.228,Mexico
490,Evvy,Clair,eclairdl@booking.com,Female,244.45.88.123,Chile
491,Carie,Horrod,chorroddm@cyberchimps.com,Female,187.167.133.38,Argentina
492,Malena,Lamy,mlamydn@istockphoto.com,Female,209.148.237.45,Vietnam
493,Salmon,MacIver,smaciverdo@fc2.com,Male,189.226.134.152,Japan
494,Lizabeth,Burkin,lburkindp@weebly.com,Female,51.112.69.243,Japan
495,Angy,Mynott,amynottdq@tripadvisor.com,Female,118.38.108.244,Indonesia
496,Abbe,Buckeridge,abuckeridgedr@oakley.com,Female,201.160.253.192,Vietnam
497,Lolita,Mapston,lmapstonds@ucoz.com,Female,196.82.120.228,Indonesia
498,Stu,Joynes,sjoynesdt@apple.com,Male,246.59.108.109,Russia
499,Wendel,Gryglewski,wgryglewskidu@imageshack.us,Male,116.177.67.83,Iran
500,Sheree,Nayshe,snayshedv@acquirethisname.com,Female,111.167.28.109,China
501,Flore,Vaan,fvaandw@google.pl,Female,37.164.102.74,China
502,Tuesday,Skace,tskacedx@phoca.cz,Female,59.55.149.250,Philippines
503,Sile,Charity,scharitydy@techcrunch.com,Female,2.201.160.109,Costa Rica
504,Alfie,Gavini,agavinidz@patch.com,Male,14.100.251.241,Indonesia
505,Holt,Ferson,hfersone0@unc.edu,Male,153.255.9.92,Tanzania
506,Maury,Clarke,mclarkee1@google.co.jp,Male,132.73.127.191,China
507,Caril,Rudgley,crudgleye2@cornell.edu,Female,128.90.87.196,Venezuela
508,Den,Caizley,dcaizleye3@newyorker.com,Male,177.217.186.196,Malaysia
509,Gal,Clethro,gclethroe4@over-blog.com,Male,234.185.176.200,China
510,Charlot,Bader,cbadere5@fda.gov,Female,15.39.35.112,Peru
511,Pet,Colley,pcolleye6@gmpg.org,Female,223.232.193.191,Mauritania
512,Murdoch,Domengue,mdomenguee7@reverbnation.com,Male,212.219.225.15,Jordan
513,Emilio,Metson,emetsone8@usnews.com,Male,222.75.154.247,China
514,Dorie,Lease,dleasee9@upenn.edu,Male,1.55.223.12,Poland
515,Reynolds,Canada,rcanadaea@ucsd.edu,Male,22.198.214.5,Poland
516,Barth,Weine,bweineeb@gizmodo.com,Male,147.22.72.125,Egypt
517,Kennedy,Rillstone,krillstoneec@yellowpages.com,Male,96.96.7.57,Indonesia
518,Wake,Brodnecke,wbrodneckeed@livejournal.com,Male,109.94.155.202,Philippines
519,Raddy,Legate,rlegateee@ebay.co.uk,Male,220.106.141.227,Sweden
520,Germain,Dehmel,gdehmelef@hp.com,Female,143.93.214.158,China
521,Adena,Gatrell,agatrelleg@diigo.com,Female,42.93.153.10,Cuba
522,Ali,Leisk,aleiskeh@nasa.gov,Male,100.3.121.91,Brazil
523,Cirilo,Dederich,cdederichei@tumblr.com,Male,229.177.209.129,Hungary
524,Israel,Caulcott,icaulcottej@xinhuanet.com,Male,29.160.139.225,Myanmar
525,Constantina,Maylin,cmaylinek@elpais.com,Female,156.146.248.110,Philippines
526,Vaclav,Betchley,vbetchleyel@wordpress.org,Male,196.65.197.128,France
527,Idelle,Luc,ilucem@exblog.jp,Female,170.174.3.160,Afghanistan
528,Dorie,Newlan,dnewlanen@cisco.com,Male,163.133.142.254,China
529,Grier,Arrington,garringtoneo@cdc.gov,Female,82.9.94.14,China
530,Foster,Pieche,fpiecheep@google.co.uk,Male,232.33.36.49,Russia
531,Connie,Teasdale,cteasdaleeq@sourceforge.net,Male,240.186.172.131,Portugal
532,Teodoro,Death,tdeather@spiegel.de,Male,56.240.135.127,Indonesia
533,Cassie,Hearmon,chearmones@mail.ru,Female,18.120.159.34,Philippines
534,Amara,Mattacks,amattackset@cisco.com,Female,55.41.244.229,Russia
535,Foster,Levane,flevaneeu@sfgate.com,Male,170.45.217.160,China
536,Marion,Peaurt,mpeaurtev@reuters.com,Female,36.138.211.13,Nigeria
537,Ursuline,Bidgod,ubidgodew@hugedomains.com,Female,129.189.130.157,United States
538,Gipsy,Gerssam,ggerssamex@skyrock.com,Female,4.233.0.239,Thailand
539,Laurene,Ferro,lferroey@digg.com,Female,211.229.254.16,Luxembourg
540,Biddy,Barenskie,bbarenskieez@over-blog.com,Female,222.233.180.116,Thailand
541,Nelson,Aujean,naujeanf0@e-recht24.de,Male,195.185.183.121,Poland
542,Inge,Pantin,ipantinf1@dion.ne.jp,Female,110.102.206.224,Indonesia
543,Mace,Seeds,mseedsf2@google.it,Male,247.229.232.42,China
544,Orelia,Douche,odouchef3@mlb.com,Female,244.45.115.166,Norway
545,Wynn,Goford,wgofordf4@imdb.com,Female,75.248.60.216,Palestinian Territory
546,Eolande,Elliss,eellissf5@tripadvisor.com,Female,59.108.188.212,Sweden
547,Damian,Gave,dgavef6@bizjournals.com,Male,125.44.229.97,Russia
548,Lyndsay,Bowie,lbowief7@sitemeter.com,Female,95.199.248.190,China
549,Isador,Raikes,iraikesf8@usatoday.com,Male,52.47.53.12,Thailand
550,Daniella,Fulleylove,dfulleylovef9@a8.net,Female,215.254.67.15,Philippines
551,Taryn,Gowrie,tgowriefa@paypal.com,Female,208.79.235.206,Vietnam
552,Haywood,Colbert,hcolbertfb@gmpg.org,Male,10.140.48.75,Philippines
553,Judith,Deighan,jdeighanfc@acquirethisname.com,Female,223.13.88.89,Ethiopia
554,Lacy,Peggs,lpeggsfd@auda.org.au,Female,167.5.47.161,Russia
555,Ethelind,Scutchings,escutchingsfe@posterous.com,Female,157.249.3.191,Peru
556,Gloriana,Ghilardini,gghilardiniff@elegantthemes.com,Female,153.57.14.199,Portugal
557,Edita,Cannicott,ecannicottfg@instagram.com,Female,207.130.99.253,Thailand
558,Miriam,Eam,meamfh@bloglines.com,Female,228.136.129.251,Tajikistan
559,Melisande,Maraga,mmaragafi@hatena.ne.jp,Female,79.61.148.224,Peru
560,Jan,Rilton,jriltonfj@va.gov,Male,36.191.4.142,Indonesia
561,Hyatt,Wyeth,hwyethfk@creativecommons.org,Male,114.151.48.166,Indonesia
562,Penny,McCrann,pmccrannfl@ameblo.jp,Male,126.100.140.186,Kenya
563,Timotheus,Russilll,trussilllfm@smugmug.com,Male,90.31.133.93,Malaysia
564,Kristopher,Imeson,kimesonfn@yelp.com,Male,213.251.216.123,China
565,Lezlie,Epsly,lepslyfo@guardian.co.uk,Female,203.74.129.195,Russia
566,Lizzie,Hargraves,lhargravesfp@jigsy.com,Female,222.208.12.91,China
567,Bud,Manes,bmanesfq@independent.co.uk,Male,148.39.174.228,Nigeria
568,Gayle,Cohane,gcohanefr@gmpg.org,Female,187.78.50.143,China
569,Rollin,Hugli,rhuglifs@infoseek.co.jp,Male,48.233.38.104,Canada
570,Carlynn,Kalisz,ckaliszft@bigcartel.com,Female,73.51.38.13,China
571,Bartel,Wurst,bwurstfu@wikimedia.org,Male,7.116.185.84,Russia
572,Bev,Antecki,banteckifv@devhub.com,Male,144.177.113.78,Uganda
573,Everard,Tomkin,etomkinfw@amazon.de,Male,239.201.73.247,Ukraine
574,Kahlil,Hamlet,khamletfx@cbsnews.com,Male,222.230.208.243,Indonesia
575,Cliff,Slater,cslaterfy@nydailynews.com,Male,217.90.251.30,Seychelles
576,Merralee,Etock,metockfz@telegraph.co.uk,Female,139.218.35.233,China
577,Currey,Wehner,cwehnerg0@arizona.edu,Male,39.105.123.81,United States
578,Lulita,Krzyzowski,lkrzyzowskig1@dedecms.com,Female,89.246.129.194,China
579,Ellis,Livett,elivettg2@umn.edu,Male,203.106.251.241,United States
580,Eddy,Chatelet,echateletg3@dmoz.org,Male,147.240.209.165,Portugal
581,Rutherford,Dobeson,rdobesong4@sbwire.com,Male,31.122.206.126,China
582,Madelaine,Swinfon,mswinfong5@archive.org,Female,124.144.77.152,Brazil
583,Goldi,Gobbet,ggobbetg6@state.gov,Female,13.168.133.156,China
584,Jarrad,Lindroos,jlindroosg7@pbs.org,Male,149.32.95.15,China
585,Hermione,Carrabot,hcarrabotg8@mozilla.org,Female,43.222.59.74,Greece
586,Halie,Kennifeck,hkennifeckg9@indiatimes.com,Female,31.87.41.34,Indonesia
587,Griffith,Schwandermann,gschwandermannga@hostgator.com,Male,204.239.32.68,Mexico
588,Aviva,Gerckens,agerckensgb@youtube.com,Female,54.149.15.15,Guatemala
589,Sofie,Farragher,sfarraghergc@hhs.gov,Female,60.61.11.45,Indonesia
590,Inesita,Bissett,ibissettgd@google.it,Female,38.5.94.214,China
591,Belita,Andrzejczak,bandrzejczakge@imgur.com,Female,144.215.116.124,Colombia
592,Guido,Le Conte,glecontegf@comsenz.com,Male,110.181.166.31,Belarus
593,Penelope,Mesnard,pmesnardgg@si.edu,Female,143.24.43.175,Philippines
594,Heinrick,Ambrose,hambrosegh@house.gov,Male,46.148.218.147,Sweden
595,Pattie,Pulster,ppulstergi@ft.com,Male,38.144.14.45,Czech Republic
596,Dyane,Gammons,dgammonsgj@google.pl,Female,223.119.119.125,Brazil
597,Dori,Saveall,dsaveallgk@mapquest.com,Female,171.160.81.188,Russia
598,Meg,Morrish,mmorrishgl@vistaprint.com,Female,95.161.106.103,Indonesia
599,Bernita,Lomasney,blomasneygm@umn.edu,Female,164.148.56.98,El Salvador
600,Ruprecht,Riha,rrihagn@house.gov,Male,129.141.8.205,Poland
601,Chev,Taw,ctawgo@php.net,Male,175.163.119.255,Peru
602,Dedra,Baudrey,dbaudreygp@nasa.gov,Female,152.201.38.157,Uganda
603,Florry,Burkwood,fburkwoodgq@ihg.com,Female,183.171.215.28,Indonesia
604,Trumann,Heffy,theffygr@dell.com,Male,110.77.158.174,Poland
605,Marc,Delatour,mdelatourgs@irs.gov,Male,178.194.87.144,China
606,Nico,Szymoni,nszymonigt@tiny.cc,Male,215.240.35.12,Guatemala
607,Benedict,Stratiff,bstratiffgu@marketwatch.com,Male,148.45.121.191,Peru
608,Hanan,Grigson,hgrigsongv@sitemeter.com,Male,197.120.2.166,Nepal
609,Hannah,Giveen,hgiveengw@xinhuanet.com,Female,122.29.127.135,Poland
610,Langsdon,Prynne,lprynnegx@tamu.edu,Male,244.179.136.45,Russia
611,Quinton,McLeish,qmcleishgy@opensource.org,Male,254.237.224.144,Cameroon
612,Callean,Gilbeart,cgilbeartgz@yellowbook.com,Male,34.142.200.37,China
613,Barbabas,Briton,bbritonh0@behance.net,Male,11.124.164.234,Poland
614,Roselin,Rankine,rrankineh1@wp.com,Female,228.210.137.203,Sweden
615,Jamie,Coonan,jcoonanh2@freewebs.com,Male,76.151.238.31,China
616,Goraud,Bodiam,gbodiamh3@businessweek.com,Male,253.202.71.249,Portugal
617,Padget,Pavey,ppaveyh4@tripadvisor.com,Male,71.240.211.40,Cyprus
618,Baldwin,Ewence,bewenceh5@dion.ne.jp,Male,81.151.239.201,Portugal
619,Clementia,Robe,crobeh6@guardian.co.uk,Female,113.222.206.161,China
620,Gerardo,O'Connolly,goconnollyh7@digg.com,Male,47.242.116.169,Indonesia
621,Dianne,Rennocks,drennocksh8@networkadvertising.org,Female,35.191.24.97,Colombia
622,Witty,O'Halleghane,wohalleghaneh9@cocolog-nifty.com,Male,147.50.181.189,Indonesia
623,Bent,By,bbyha@hugedomains.com,Male,255.73.37.171,Indonesia
624,Gael,Swanton,gswantonhb@google.pl,Female,253.4.129.246,Tajikistan
625,Huntlee,Sabathier,hsabathierhc@epa.gov,Male,92.15.115.58,Russia
626,Georgianna,Benedyktowicz,gbenedyktowiczhd@e-recht24.de,Female,174.207.167.233,China
627,Horton,Christie,hchristiehe@instagram.com,Male,70.196.141.158,Bulgaria
628,Arman,Osorio,aosoriohf@seesaa.net,Male,145.139.119.202,China
629,Artie,Fretter,afretterhg@newsvine.com,Male,123.137.7.195,Czech Republic
630,Emilio,Colquite,ecolquitehh@home.pl,Male,240.44.103.218,Colombia
631,Ly,Surpliss,lsurplisshi@uiuc.edu,Male,251.233.248.158,Peru
632,Hermy,Elnaugh,helnaughhj@salon.com,Male,74.172.226.91,Nigeria
633,Allyn,Chatwin,achatwinhk@imageshack.us,Male,38.149.13.35,Tonga
634,Sloane,Gounin,sgouninhl@mac.com,Male,249.188.159.2,Serbia
635,Alonzo,Blesdill,ablesdillhm@jigsy.com,Male,117.95.230.239,Poland
636,Abra,Cassius,acassiushn@acquirethisname.com,Female,33.207.28.95,South Africa
637,Mac,Jeffcoate,mjeffcoateho@cornell.edu,Male,139.217.40.124,Indonesia
638,Christian,Hellwich,chellwichhp@yellowpages.com,Female,176.75.155.13,China
639,Nichole,Durber,ndurberhq@vinaora.com,Male,58.234.146.115,China
640,Lorri,Fihelly,lfihellyhr@oracle.com,Female,100.13.231.7,China
641,Carlen,Bordessa,cbordessahs@myspace.com,Female,180.84.232.57,France
642,Casper,Vedishchev,cvedishchevht@rakuten.co.jp,Male,192.175.89.231,Peru
643,Ralph,Dumbar,rdumbarhu@freewebs.com,Male,9.52.71.228,Philippines
644,Sabrina,Massimi,smassimihv@usda.gov,Female,61.89.96.154,Indonesia
645,Tommy,Kanwell,tkanwellhw@dagondesign.com,Female,43.141.84.124,Tunisia
646,Brodie,Barlow,bbarlowhx@surveymonkey.com,Male,27.14.42.127,China
647,Lark,Itzak,litzakhy@360.cn,Female,186.242.147.189,Japan
648,Giffer,Mapes,gmapeshz@imageshack.us,Male,75.242.197.120,China
649,Marcellus,Jura,mjurai0@ebay.com,Male,164.97.7.173,Uzbekistan
650,Ignace,Casetta,icasettai1@ca.gov,Male,201.151.53.58,China
651,Elie,Chevolleau,echevolleaui2@cbslocal.com,Female,65.160.247.217,Madagascar
652,Casper,Dalgliesh,cdalglieshi3@mtv.com,Male,8.198.201.23,China
653,Michele,Hitscher,mhitscheri4@jugem.jp,Male,190.145.164.6,Macedonia
654,Consolata,Rowantree,crowantreei5@oaic.gov.au,Female,18.145.227.187,Pakistan
655,Roxy,Charville,rcharvillei6@google.ca,Female,240.66.98.94,Russia
656,Archy,Pedrocchi,apedrocchii7@elegantthemes.com,Male,64.195.79.202,China
657,Duky,Partlett,dpartletti8@elpais.com,Male,48.246.8.186,Israel
658,Aimil,Galsworthy,agalsworthyi9@tumblr.com,Female,7.123.207.92,China
659,Jeanne,Darridon,jdarridonia@berkeley.edu,Female,171.14.206.220,Russia
660,Anthia,Birtle,abirtleib@google.co.jp,Female,170.78.124.179,Russia
661,Tedman,Chatelot,tchatelotic@delicious.com,Male,134.182.237.156,Portugal
662,Evey,Stops,estopsid@senate.gov,Female,137.228.144.249,Guatemala
663,Mattias,Dabinett,mdabinettie@mapquest.com,Male,34.25.227.19,Australia
664,Ernestine,Sonschein,esonscheinif@house.gov,Female,31.53.129.125,Philippines
665,Obediah,Pearsey,opearseyig@unesco.org,Male,22.198.109.251,Russia
666,Ashley,Franchioni,afranchioniih@icio.us,Female,131.158.24.219,Peru
667,Claudina,Adenet,cadenetii@howstuffworks.com,Female,15.20.74.229,Japan
668,Terrance,Bampkin,tbampkinij@amazonaws.com,Male,106.181.204.6,Russia
669,Lionel,Frankema,lfrankemaik@lycos.com,Male,189.100.121.124,Brazil
670,Barnabas,Klimentyonok,bklimentyonokil@cocolog-nifty.com,Male,247.177.91.228,China
671,Aldus,Dosdill,adosdillim@friendfeed.com,Male,45.65.49.255,Philippines
672,Petr,Wince,pwincein@people.com.cn,Male,78.206.148.8,China
673,Ham,Tyreman,htyremanio@uiuc.edu,Male,51.125.227.163,Philippines
674,Buddie,Toal,btoalip@toplist.cz,Male,229.185.126.65,China
675,Adriane,LeEstut,aleestutiq@sciencedirect.com,Female,129.254.90.103,Azerbaijan
676,Derrick,Iczokvitz,diczokvitzir@reference.com,Male,62.35.168.200,Israel
677,Nathalia,Flannigan,nflanniganis@yahoo.com,Female,141.88.195.192,Indonesia
678,Bartie,McNiven,bmcnivenit@princeton.edu,Male,136.117.49.177,Indonesia
679,Iseabal,Wasbrough,iwasbroughiu@angelfire.com,Female,87.179.204.86,China
680,Artus,Craigs,acraigsiv@newsvine.com,Male,227.79.90.230,Philippines
681,Nicko,Tebbit,ntebbitiw@nydailynews.com,Male,112.132.137.106,Bangladesh
682,Tonnie,Mighele,tmigheleix@mapy.cz,Male,83.87.250.94,Palau
683,Jarred,Klemenz,jklemenziy@cnn.com,Male,18.41.204.111,Philippines
684,Simonne,Savege,ssavegeiz@npr.org,Female,169.193.71.59,Philippines
685,Tory,Degenhardt,tdegenhardtj0@is.gd,Female,0.113.244.48,Brazil
686,Gilligan,Dripp,gdrippj1@bbb.org,Female,203.120.150.200,China
687,Katina,Linnitt,klinnittj2@cam.ac.uk,Female,167.75.127.95,Nepal
688,Lexine,Hughman,lhughmanj3@netlog.com,Female,158.210.187.159,Russia
689,Ignace,Andreichik,iandreichikj4@bbc.co.uk,Male,165.41.243.13,Japan
690,Homere,Tangye,htangyej5@discovery.com,Male,232.209.36.81,China
691,Missy,Habron,mhabronj6@surveymonkey.com,Female,236.27.156.132,China
692,Analise,Ghidoli,aghidolij7@t-online.de,Female,226.204.47.215,China
693,Nestor,Skrines,nskrinesj8@slideshare.net,Male,188.156.46.160,Philippines
694,Davie,Gowthrop,dgowthropj9@google.fr,Male,181.148.80.233,Colombia
695,Mureil,Pinnigar,mpinnigarja@goo.gl,Female,105.62.82.117,Indonesia
696,Che,Tale,ctalejb@kickstarter.com,Male,219.53.11.11,China
697,Blakeley,Barmadier,bbarmadierjc@dion.ne.jp,Female,233.135.176.7,Indonesia
698,Modesty,Canter,mcanterjd@amazon.com,Female,252.4.248.19,Mexico
699,Thurstan,Bedlington,tbedlingtonje@friendfeed.com,Male,61.62.233.157,Czech Republic
700,Rickert,Fido,rfidojf@economist.com,Male,234.1.232.197,Indonesia
701,Gib,Walesa,gwalesajg@blogspot.com,Male,241.212.128.27,Yemen
702,Angelica,Chetter,achetterjh@flavors.me,Female,2.206.123.21,China
703,Luis,Weinberg,lweinbergji@homestead.com,Male,96.122.185.200,Panama
704,Mechelle,Blodg,mblodgjj@abc.net.au,Female,247.177.78.87,Philippines
705,Mortie,Rosenvasser,mrosenvasserjk@goo.ne.jp,Male,178.75.21.125,Bolivia
706,Thornton,MacBean,tmacbeanjl@jugem.jp,Male,227.213.72.118,China
707,Edmon,Ife,eifejm@issuu.com,Male,49.133.207.233,China
708,Mose,Bartolacci,mbartolaccijn@hugedomains.com,Male,176.231.7.13,Indonesia
709,Gwenneth,Janik,gjanikjo@wsj.com,Female,9.19.76.174,Jamaica
710,Dorey,Franklen,dfranklenjp@mtv.com,Male,40.95.116.61,Albania
711,Gavrielle,MacIan,gmacianjq@ox.ac.uk,Female,159.20.77.207,Vietnam
712,Barth,Willoughway,bwilloughwayjr@icio.us,Male,75.118.17.33,Monaco
713,Renado,Andrews,randrewsjs@nymag.com,Male,69.227.147.161,Poland
714,Clio,Cromblehome,ccromblehomejt@friendfeed.com,Female,127.237.94.109,Ethiopia
715,Janice,Oleszcuk,joleszcukju@usda.gov,Female,225.111.102.89,Sweden
716,Orazio,Tegler,oteglerjv@elegantthemes.com,Male,240.96.14.13,Japan
717,Karlyn,Courson,kcoursonjw@twitpic.com,Female,63.182.155.173,Sweden
718,Latia,Wones,lwonesjx@abc.net.au,Female,109.54.167.113,Ethiopia
719,Parrnell,Dodds,pdoddsjy@symantec.com,Male,207.244.208.39,Portugal
720,Marillin,Smeed,msmeedjz@weebly.com,Female,191.14.142.146,Egypt
721,Albie,Tomblin,atomblink0@yolasite.com,Male,184.79.159.200,Bangladesh
722,Minor,Doorey,mdooreyk1@yahoo.com,Male,33.82.207.185,Nigeria
723,Sasha,Jouannot,sjouannotk2@alibaba.com,Female,86.236.104.213,Indonesia
724,Hetti,Grouer,hgrouerk3@deliciousdays.com,Female,168.106.3.16,China
725,Ferdinande,Turfs,fturfsk4@amazonaws.com,Female,15.253.30.137,Portugal
726,Nonnah,Hoonahan,nhoonahank5@amazon.co.uk,Female,167.72.158.122,Indonesia
727,Mareah,Talloe,mtalloek6@about.com,Female,78.209.221.100,Canada
728,Deidre,Leather,dleatherk7@jiathis.com,Female,14.247.79.31,Indonesia
729,Wald,Abbati,wabbatik8@twitter.com,Male,0.180.243.157,Philippines
730,Normie,Winsor,nwinsork9@constantcontact.com,Male,102.0.48.147,Indonesia
731,Iver,Mikalski,imikalskika@businessinsider.com,Male,91.162.128.69,Georgia
732,Petra,Dacombe,pdacombekb@rakuten.co.jp,Female,130.127.133.65,China
733,Leonelle,Forsard,lforsardkc@trellian.com,Female,55.144.174.245,Indonesia
734,Burch,Dorber,bdorberkd@samsung.com,Male,81.190.101.11,Portugal
735,Felicity,Paskerful,fpaskerfulke@amazon.com,Female,56.77.112.156,Indonesia
736,Damien,Mish,dmishkf@tumblr.com,Male,39.249.116.67,Iran
737,Justina,Grealish,jgrealishkg@sciencedaily.com,Female,193.36.114.173,China
738,Rona,Vanne,rvannekh@is.gd,Female,26.125.45.172,China
739,Tybalt,Chappel,tchappelki@disqus.com,Male,234.43.3.97,Indonesia
740,Adan,Redsull,aredsullkj@list-manage.com,Male,68.4.113.216,Portugal
741,Heloise,Holtaway,hholtawaykk@bizjournals.com,Female,147.49.86.160,Canada
742,Florence,Warham,fwarhamkl@economist.com,Female,62.196.20.162,United States
743,Kearney,Frangleton,kfrangletonkm@paypal.com,Male,116.237.75.59,Japan
744,Stafani,Felgate,sfelgatekn@msn.com,Female,54.245.251.26,Brazil
745,Lilyan,Briatt,lbriattko@google.ru,Female,245.173.244.70,Poland
746,Worthington,Ciottoi,wciottoikp@elegantthemes.com,Male,88.174.154.223,Czech Republic
747,Garth,Di Napoli,gdinapolikq@columbia.edu,Male,228.177.20.121,China
748,Rodolphe,Goard,rgoardkr@de.vu,Male,57.219.55.195,Indonesia
749,Sharon,Amys,samysks@businessweek.com,Female,153.236.99.105,Peru
750,Barrie,Semorad,bsemoradkt@photobucket.com,Male,170.86.77.215,Russia
751,Wildon,Giotto,wgiottoku@dropbox.com,Male,173.8.227.140,China
752,Kareem,Barukh,kbarukhkv@uiuc.edu,Male,84.82.150.134,Peru
753,Tamma,Lawlan,tlawlankw@newsvine.com,Female,65.72.226.223,Indonesia
754,Hayes,Shrimpton,hshrimptonkx@hubpages.com,Male,80.149.70.126,Japan
755,Evie,Legat,elegatky@hexun.com,Female,35.25.128.98,Brazil
756,Forrester,Cannicott,fcannicottkz@seattletimes.com,Male,11.163.229.28,China
757,Roland,Klasen,rklasenl0@wunderground.com,Male,117.28.34.245,France
758,Corbet,McAlister,cmcalisterl1@dion.ne.jp,Male,166.5.238.170,Latvia
759,Danya,Sidaway,dsidawayl2@marketwatch.com,Male,46.11.20.214,Malaysia
760,Charin,Dikels,cdikelsl3@xing.com,Female,162.128.3.13,Ukraine
761,Meade,Hallett,mhallettl4@dailymotion.com,Female,184.38.182.103,Indonesia
762,Toiboid,Enrico,tenricol5@mail.ru,Male,143.195.94.108,Ukraine
763,Adrian,Campos,acamposl6@elpais.com,Male,47.213.101.66,Sweden
764,Eva,Pickersail,epickersaill7@canalblog.com,Female,71.246.96.21,Indonesia
765,Alonso,Stronach,astronachl8@dot.gov,Male,97.39.90.40,China
766,Goldie,Insko,ginskol9@comcast.net,Female,125.19.148.209,Mexico
767,Sibley,McGrath,smcgrathla@spotify.com,Female,252.130.69.72,Indonesia
768,Leonora,Colebrook,lcolebrooklb@blinklist.com,Female,92.36.69.147,Argentina
769,Othilie,Befroy,obefroylc@buzzfeed.com,Female,208.253.163.47,Russia
770,Keefer,Haitlie,khaitlield@smh.com.au,Male,181.161.33.23,China
771,Morissa,Foker,mfokerle@barnesandnoble.com,Female,249.254.117.52,Poland
772,Crin,Mackinder,cmackinderlf@rakuten.co.jp,Female,137.1.13.20,Poland
773,Lilah,Clempton,lclemptonlg@jimdo.com,Female,115.48.115.68,United States
774,Stormie,Revely,srevelylh@sohu.com,Female,78.222.168.14,Canada
775,Dolli,Thor,dthorli@photobucket.com,Female,210.205.79.221,Cuba
776,Morie,Saphir,msaphirlj@webnode.com,Male,201.91.106.7,Canada
777,Ruttger,Bostick,rbosticklk@dot.gov,Male,54.86.35.124,Malawi
778,Trevar,Loughman,tloughmanll@miibeian.gov.cn,Male,193.226.173.198,Indonesia
779,Caroljean,Mac Geaney,cmacgeaneylm@jalbum.net,Female,12.254.7.110,China
780,Desdemona,Lowdes,dlowdesln@sfgate.com,Female,167.62.236.179,Ukraine
781,Hershel,Wallenger,hwallengerlo@mysql.com,Male,58.182.147.102,Belarus
782,Derrick,Tuffin,dtuffinlp@devhub.com,Male,69.49.223.251,China
783,Levon,Ames,lameslq@sun.com,Male,183.145.181.178,China
784,Mervin,Bubbins,mbubbinslr@archive.org,Male,122.252.37.37,Egypt
785,Carey,Thurgood,cthurgoodls@fda.gov,Male,131.139.19.7,Syria
786,Kristal,Merck,kmercklt@google.com,Female,204.3.117.96,France
787,Artur,Loutheane,aloutheanelu@webmd.com,Male,105.49.158.201,United States
788,Kayley,Larmett,klarmettlv@exblog.jp,Female,64.33.160.202,Japan
789,Peri,Acres,pacreslw@jugem.jp,Female,51.84.226.250,China
790,Kerwin,Toghill,ktoghilllx@t.co,Male,99.251.18.191,Portugal
791,Cassy,Proswell,cproswellly@uiuc.edu,Female,95.221.159.165,China
792,Ricky,Wellwood,rwellwoodlz@geocities.com,Female,129.129.151.51,Brazil
793,Cecilio,Shaudfurth,cshaudfurthm0@vkontakte.ru,Male,36.170.147.153,Iran
794,Karlee,Scraney,kscraneym1@columbia.edu,Female,246.251.92.110,Greece
795,Aksel,Hugonet,ahugonetm2@disqus.com,Male,219.12.144.121,Philippines
796,Bill,Shorter,bshorterm3@discuz.net,Male,66.23.71.140,China
797,Falito,Brosoli,fbrosolim4@examiner.com,Male,136.62.149.28,Philippines
798,Waiter,Scoterbosh,wscoterboshm5@dagondesign.com,Male,55.6.233.106,United States
799,Corilla,Hakes,chakesm6@hugedomains.com,Female,11.76.60.150,Poland
800,Tomasina,Franzoli,tfranzolim7@techcrunch.com,Female,139.170.196.141,China
801,Herby,Dearsley,hdearsleym8@independent.co.uk,Male,157.77.6.200,Russia
802,Tarra,O'Donohue,todonohuem9@oracle.com,Female,47.202.237.201,Russia
803,Trish,Saundercock,tsaundercockma@miibeian.gov.cn,Female,101.104.47.14,France
804,Belita,Lage,blagemb@timesonline.co.uk,Female,38.96.246.120,Japan
805,Cori,Padwick,cpadwickmc@elpais.com,Male,148.133.103.73,Philippines
806,Beckie,McIllrick,bmcillrickmd@usda.gov,Female,48.241.126.164,Russia
807,Randolf,Gendrich,rgendrichme@shinystat.com,Male,133.228.210.203,Poland
808,Martita,Aickin,maickinmf@hostgator.com,Female,197.227.180.41,Sweden
809,Faina,Oseman,fosemanmg@t.co,Female,176.176.57.246,Portugal
810,Pincas,Tilbey,ptilbeymh@home.pl,Male,247.139.249.33,Russia
811,Tanney,Cool,tcoolmi@goo.gl,Male,192.211.83.82,Mali
812,Hilary,Tellenbach,htellenbachmj@home.pl,Male,101.96.175.23,Russia
813,Pammie,McGaffey,pmcgaffeymk@omniture.com,Female,93.175.227.213,China
814,Saraann,Yurinov,syurinovml@answers.com,Female,201.247.35.67,Poland
815,Wallache,Claffey,wclaffeymm@examiner.com,Male,235.232.163.198,China
816,Cordy,Galier,cgaliermn@gmpg.org,Female,1.123.129.210,United States
817,Tammy,Greave,tgreavemo@github.io,Male,212.63.204.99,Ireland
818,Robinet,Bannester,rbannestermp@arizona.edu,Male,69.132.100.44,Myanmar
819,Bradney,Hubble,bhubblemq@people.com.cn,Male,107.243.127.135,China
820,Terrence,Learmont,tlearmontmr@va.gov,Male,136.56.56.143,Spain
821,Janaye,McQuie,jmcquiems@cmu.edu,Female,139.91.21.42,Argentina
822,Darbee,Kubatsch,dkubatschmt@zdnet.com,Male,40.126.117.35,Portugal
823,Timotheus,Crosgrove,tcrosgrovemu@yellowbook.com,Male,74.150.174.26,China
824,Gale,MacQueen,gmacqueenmv@mysql.com,Female,176.148.197.12,Nigeria
825,Leonerd,Strafford,lstraffordmw@shareasale.com,Male,190.147.66.227,Philippines
826,Yasmeen,Roskilly,yroskillymx@sogou.com,Female,18.63.120.161,Slovenia
827,Anabella,Conway,aconwaymy@mapy.cz,Female,198.36.77.72,Brazil
828,Darwin,Hollingdale,dhollingdalemz@ed.gov,Male,222.31.20.27,France
829,Madison,Goater,mgoatern0@baidu.com,Male,111.80.114.86,Haiti
830,Annette,Warrick,awarrickn1@parallels.com,Female,48.186.207.231,Albania
831,Nowell,Moakson,nmoaksonn2@webeden.co.uk,Male,40.104.31.72,China
832,Jamima,Cosstick,jcosstickn3@house.gov,Female,248.28.50.244,Peru
833,Knox,D'Angeli,kdangelin4@yale.edu,Male,60.19.185.57,Croatia
834,Darren,Aizikovitz,daizikovitzn5@spotify.com,Male,96.8.242.234,China
835,Melony,Coule,mcoulen6@uol.com.br,Female,93.126.232.102,Philippines
836,Devonne,Anwell,danwelln7@examiner.com,Female,137.82.83.173,Iran
837,Morris,Whilder,mwhildern8@msn.com,Male,156.128.230.200,Nigeria
838,Viviana,McNea,vmcnean9@marketwatch.com,Female,179.251.251.77,Sweden
839,Duane,Sarvar,dsarvarna@opensource.org,Male,39.35.21.178,Belarus
840,Rani,Plaskett,rplaskettnb@cloudflare.com,Female,49.165.7.76,Russia
841,Hanna,Durdle,hdurdlenc@bandcamp.com,Female,6.183.108.90,Tunisia
842,Sorcha,Mallord,smallordnd@ning.com,Female,70.117.122.25,Indonesia
843,Bab,Whetland,bwhetlandne@theatlantic.com,Female,165.112.161.148,China
844,Ethan,Sappy,esappynf@yandex.ru,Male,121.243.79.75,Bolivia
845,Trent,Howett,thowettng@unicef.org,Male,233.132.72.194,China
846,Brook,Baldelli,bbaldellinh@berkeley.edu,Male,1.11.154.32,Albania
847,Donnamarie,Clere,dclereni@mtv.com,Female,159.46.125.63,South Korea
848,Martino,Ordish,mordishnj@pinterest.com,Male,78.4.185.74,Mongolia
849,Raychel,Ashborn,rashbornnk@xinhuanet.com,Female,150.8.14.139,Argentina
850,Johny,Kinrade,jkinradenl@stumbleupon.com,Male,139.34.88.249,France
851,Iseabal,McGraffin,imcgraffinnm@oracle.com,Female,101.0.220.199,Indonesia
852,Izaak,Simeons,isimeonsnn@lycos.com,Male,51.176.253.54,Sweden
853,Kirsteni,McCalister,kmccalisterno@tripod.com,Female,10.103.15.239,Thailand
854,Westbrooke,Giacopetti,wgiacopettinp@altervista.org,Male,252.239.226.26,Ukraine
855,Saudra,Janicek,sjaniceknq@walmart.com,Female,168.162.80.134,Nigeria
856,Thayne,Cornelissen,tcornelissennr@istockphoto.com,Male,190.152.219.50,Tunisia
857,Charmaine,Pleager,cpleagerns@washingtonpost.com,Female,145.122.57.198,China
858,Jeniece,Clowney,jclowneynt@amazon.de,Female,177.241.190.219,Indonesia
859,Reube,Thorlby,rthorlbynu@seattletimes.com,Male,48.126.146.99,China
860,Valaria,Beebe,vbeebenv@angelfire.com,Female,96.188.97.91,Kenya
861,Cherey,Pottage,cpottagenw@nih.gov,Female,195.110.28.163,Indonesia
862,Corry,McNutt,cmcnuttnx@home.pl,Female,243.72.75.173,Albania
863,Myrlene,Kohrt,mkohrtny@163.com,Female,137.179.134.171,Albania
864,Bron,Deville,bdevillenz@mit.edu,Male,134.150.85.120,Thailand
865,Annemarie,Deme,ademeo0@prweb.com,Female,201.3.53.116,Uganda
866,Benni,Greatorex,bgreatorexo1@weebly.com,Female,99.147.48.204,Hungary
867,Elise,Ruddom,eruddomo2@bizjournals.com,Female,215.119.207.156,Indonesia
868,Ryley,Piper,rpipero3@infoseek.co.jp,Male,238.155.179.41,China
869,Maegan,Corradini,mcorradinio4@nsw.gov.au,Female,227.32.204.27,Uganda
870,Jase,Archibould,jarchibouldo5@geocities.com,Male,49.186.127.219,Panama
871,Issy,Meechan,imeechano6@4shared.com,Female,228.75.144.254,China
872,Josephine,Helks,jhelkso7@examiner.com,Female,79.8.223.66,Indonesia
873,Kellen,Inett,kinetto8@vkontakte.ru,Female,158.156.198.219,Czech Republic
874,Alene,Whisby,awhisbyo9@latimes.com,Female,143.45.171.154,Portugal
875,Yard,Blackbourn,yblackbournoa@ow.ly,Male,34.87.178.147,Indonesia
876,Aleta,Bussens,abussensob@tiny.cc,Female,239.157.37.41,Indonesia
877,Johny,Hrycek,jhrycekoc@icq.com,Male,127.83.10.52,Brazil
878,Ulrikaumeko,Jotham,ujothamod@themeforest.net,Female,220.235.250.173,Ukraine
879,Gerardo,Putterill,gputterilloe@prnewswire.com,Male,229.239.58.140,China
880,Shannah,Zahor,szahorof@wordpress.org,Female,248.189.126.211,Thailand
881,Carilyn,Dugdale,cdugdaleog@nature.com,Female,86.132.7.44,Ukraine
882,Shepard,Van der Brugge,svanderbruggeoh@wired.com,Male,11.142.233.75,United States
883,Robbert,Elen,relenoi@t-online.de,Male,153.232.46.214,Philippines
884,Loralee,Dungey,ldungeyoj@sphinn.com,Female,103.117.26.161,Russia
885,Darcee,Gilhoolie,dgilhoolieok@booking.com,Female,196.179.122.143,North Korea
886,Mame,Loyns,mloynsol@state.tx.us,Female,159.62.166.103,Russia
887,Orelia,Rivenzon,orivenzonom@symantec.com,Female,40.185.47.129,France
888,Zedekiah,Stiegers,zstiegerson@cnn.com,Male,99.164.164.177,Russia
889,Rozella,Chartre,rchartreoo@sfgate.com,Female,180.53.118.247,Somalia
890,Troy,Moseby,tmosebyop@elpais.com,Male,214.81.91.192,Greece
891,Roxie,Haighton,rhaightonoq@eventbrite.com,Female,179.93.128.186,Peru
892,Euell,Bewley,ebewleyor@stanford.edu,Male,66.121.100.130,Indonesia
893,Nolana,Bavin,nbavinos@w3.org,Female,42.84.16.101,Honduras
894,Roda,Osgodby,rosgodbyot@seesaa.net,Female,53.16.230.181,Russia
895,Kathrine,Meneyer,kmeneyerou@woothemes.com,Female,77.140.218.40,Colombia
896,Florida,Campagne,fcampagneov@ihg.com,Female,77.141.47.138,China
897,Jonathan,Wollen,jwollenow@hao123.com,Male,199.107.149.11,Thailand
898,Lou,Scoular,lscoularox@angelfire.com,Male,240.8.220.158,Indonesia
899,Lock,Brogan,lbroganoy@arstechnica.com,Male,228.114.72.241,Indonesia
900,Kipper,Nowakowska,knowakowskaoz@homestead.com,Male,29.150.168.127,Russia
901,Kristian,Eltone,keltonep0@altervista.org,Male,220.213.195.146,Indonesia
902,Lillis,Huriche,lhurichep1@t-online.de,Female,13.251.179.205,Sudan
903,Correy,Bickerdike,cbickerdikep2@dot.gov,Female,207.129.170.44,Argentina
904,Pietro,Sarath,psarathp3@woothemes.com,Male,39.160.122.143,Philippines
905,Natala,Botha,nbothap4@example.com,Female,120.185.160.62,China
906,Joycelin,Gooder,jgooderp5@imgur.com,Female,181.54.25.110,Vietnam
907,Kennan,Mowday,kmowdayp6@ucoz.ru,Male,89.131.74.227,China
908,Justen,Adams,jadamsp7@ifeng.com,Male,50.40.16.101,Japan
909,Edward,Shoute,eshoutep8@tmall.com,Male,148.249.177.194,Philippines
910,Ogden,Quarrie,oquarriep9@canalblog.com,Male,98.158.240.28,China
911,Freddie,Lassell,flassellpa@cargocollective.com,Male,85.164.209.88,Democratic Republic of the Congo
912,Liam,McLardie,lmclardiepb@guardian.co.uk,Male,214.254.56.125,Philippines
913,Vaclav,Duckworth,vduckworthpc@ovh.net,Male,89.116.137.216,Azerbaijan
914,Aubrie,Jendrach,ajendrachpd@blinklist.com,Female,177.14.130.105,Indonesia
915,Wolfgang,Dyers,wdyerspe@smh.com.au,Male,201.43.170.107,China
916,Dar,Romanet,dromanetpf@ebay.co.uk,Male,69.203.167.133,Peru
917,Corilla,Kief,ckiefpg@biglobe.ne.jp,Female,179.16.124.60,Netherlands
918,Luz,Mosson,lmossonph@google.co.uk,Female,220.64.41.102,Poland
919,Joannes,Dear,jdearpi@liveinternet.ru,Female,113.48.231.42,China
920,Herrick,Purple,hpurplepj@disqus.com,Male,227.239.121.233,Indonesia
921,Norine,Ind,nindpk@com.com,Female,9.120.148.51,Yemen
922,Inger,de Castelain,idecastelainpl@independent.co.uk,Female,121.9.197.142,Colombia
923,Crichton,Lemery,clemerypm@europa.eu,Male,132.194.108.184,Libya
924,Erena,Vinas,evinaspn@phpbb.com,Female,19.68.98.33,Tonga
925,Grete,Glasbey,gglasbeypo@thetimes.co.uk,Female,206.173.185.38,Serbia
926,Yorgos,Spriggs,yspriggspp@aboutads.info,Male,74.222.165.44,Indonesia
927,Juliana,Petruska,jpetruskapq@usda.gov,Female,109.35.13.208,China
928,Rora,Blasio,rblasiopr@aol.com,Female,181.238.64.239,Indonesia
929,Heddi,Bywater,hbywaterps@umn.edu,Female,118.171.211.65,Indonesia
930,Bev,Boakes,bboakespt@spotify.com,Female,228.154.79.56,Germany
931,Jinny,Skill,jskillpu@cbc.ca,Female,98.246.247.97,Indonesia
932,Fredric,Vaskov,fvaskovpv@wsj.com,Male,83.110.46.113,Kenya
933,Alvin,Ivashev,aivashevpw@usda.gov,Male,36.2.85.179,Spain
934,Sigismondo,Burges,sburgespx@shinystat.com,Male,195.31.205.177,South Sudan
935,Ludovika,Stanman,lstanmanpy@github.com,Female,28.45.201.108,Peru
936,Fran,McNeigh,fmcneighpz@google.com.hk,Male,185.242.153.39,Indonesia
937,Herold,Bowmen,hbowmenq0@sciencedaily.com,Male,218.131.39.76,China
938,Suzanne,Shoreman,sshoremanq1@house.gov,Female,85.57.198.248,Russia
939,Jacinta,Ivashev,jivashevq2@cbc.ca,Female,103.97.249.82,Honduras
940,Lisha,Carnaman,lcarnamanq3@bluehost.com,Female,218.176.108.210,China
941,Cherie,Kolushev,ckolushevq4@admin.ch,Female,201.17.219.206,Indonesia
942,Sky,Dodwell,sdodwellq5@ftc.gov,Male,210.27.167.192,Libya
943,Shepherd,Matejka,smatejkaq6@microsoft.com,Male,242.197.222.132,United States
944,Andrea,Spieck,aspieckq7@seattletimes.com,Female,214.222.42.230,Argentina
945,Raynard,Aykroyd,raykroydq8@discuz.net,Male,208.255.38.171,Japan
946,Forester,Enstone,fenstoneq9@whitehouse.gov,Male,77.48.110.30,Philippines
947,Emmett,Crampsey,ecrampseyqa@youtu.be,Male,93.188.89.188,Slovakia
948,Donavon,Scruby,dscrubyqb@cocolog-nifty.com,Male,198.29.40.178,France
949,Woodie,Crampsy,wcrampsyqc@columbia.edu,Male,97.148.61.84,China
950,Lara,Braham,lbrahamqd@list-manage.com,Female,153.254.178.212,Brazil
951,Justen,Shimon,jshimonqe@ihg.com,Male,252.213.206.116,Argentina
952,Von,Vernau,vvernauqf@sbwire.com,Male,142.253.174.4,Indonesia
953,Jenelle,Ben,jbenqg@berkeley.edu,Female,188.254.126.227,China
954,Cletis,O'Hartnett,cohartnettqh@statcounter.com,Male,103.159.124.242,Afghanistan
955,Raye,Balderston,rbalderstonqi@clickbank.net,Female,169.211.46.186,China
956,Cathlene,Allcoat,callcoatqj@youtube.com,Female,11.233.34.165,Pakistan
957,Fonsie,Swanton,fswantonqk@forbes.com,Male,13.94.141.13,France
958,Kai,Nuscha,knuschaql@cpanel.net,Female,155.18.104.25,United States
959,Arleen,Hamblington,ahamblingtonqm@fc2.com,Female,244.29.197.58,South Africa
960,Virge,Franca,vfrancaqn@ucla.edu,Male,166.209.45.24,China
961,Jaymie,Philpots,jphilpotsqo@yale.edu,Male,123.53.179.5,Canada
962,Jolene,De La Cote,jdelacoteqp@reference.com,Female,216.176.120.213,Indonesia
963,Aleta,Browne,abrowneqq@psu.edu,Female,216.176.177.63,Indonesia
964,Arluene,Pablo,apabloqr@scientificamerican.com,Female,197.78.254.93,Poland
965,Seline,Hail,shailqs@elpais.com,Female,244.71.143.2,United States
966,Bordie,Spering,bsperingqt@ocn.ne.jp,Male,147.115.244.94,Indonesia
967,Dionis,Maleney,dmaleneyqu@lycos.com,Female,233.189.162.229,Armenia
968,Ysabel,Collop,ycollopqv@paypal.com,Female,222.85.123.22,China
969,Jobi,McElhargy,jmcelhargyqw@redcross.org,Female,125.186.255.234,Pakistan
970,Arlin,Cisneros,acisnerosqx@privacy.gov.au,Male,32.57.130.181,Iran
971,Frasquito,MacBarron,fmacbarronqy@adobe.com,Male,171.240.84.165,Philippines
972,Gabriell,Ferries,gferriesqz@prlog.org,Female,104.169.255.71,Canada
973,Jewelle,Burroughes,jburroughesr0@paypal.com,Female,53.19.159.56,Paraguay
974,Bebe,Farnham,bfarnhamr1@simplemachines.org,Female,123.70.198.26,Japan
975,Caye,Goundsy,cgoundsyr2@example.com,Female,250.62.249.211,Tanzania
976,Beilul,Coo,bcoor3@example.com,Female,138.85.86.149,Brazil
977,Uri,Benoit,ubenoitr4@aboutads.info,Male,132.47.44.227,Russia
978,Emelda,Fields,efieldsr5@webmd.com,Female,219.201.102.229,Ukraine
979,Gradey,Hewlings,ghewlingsr6@techcrunch.com,Male,56.180.149.160,Czech Republic
980,Anette,Plaster,aplasterr7@harvard.edu,Female,44.16.191.252,South Africa
981,Zulema,Plesing,zplesingr8@dailymotion.com,Female,39.159.54.96,Brazil
982,Mario,Hatherall,mhatherallr9@un.org,Male,211.59.196.44,China
983,Delmar,O'Gormally,dogormallyra@howstuffworks.com,Male,71.152.193.200,China
984,Karel,Bilofsky,kbilofskyrb@ovh.net,Female,53.44.229.209,Indonesia
985,Clarabelle,Gullyes,cgullyesrc@vinaora.com,Female,247.68.253.221,Jordan
986,Andriette,Secretan,asecretanrd@ning.com,Female,191.76.156.221,Brazil
987,Devora,Crat,dcratre@nih.gov,Female,14.124.146.166,Serbia
988,Nancee,Berrington,nberringtonrf@pbs.org,Female,143.11.242.245,Philippines
989,Johna,Nutten,jnuttenrg@163.com,Female,130.65.89.159,China
990,Edi,Korf,ekorfrh@taobao.com,Female,165.120.199.36,Indonesia
991,Dede,Leser,dleserri@skyrock.com,Female,122.15.30.28,Indonesia
992,Al,Ellcock,aellcockrj@mapy.cz,Male,38.24.192.185,Poland
993,Morna,Quinevan,mquinevanrk@engadget.com,Female,8.243.204.182,France
994,Ronni,Ciccottini,rciccottinirl@vistaprint.com,Female,84.202.1.24,Brazil
995,Herculie,Rostron,hrostronrm@sohu.com,Male,80.100.1.118,Czech Republic
996,Alphonso,Farey,afareyrn@yale.edu,Male,126.143.195.59,Iran
997,Amos,Pumphrey,apumphreyro@smh.com.au,Male,18.247.14.81,China
998,Hamlen,Grishunin,hgrishuninrp@trellian.com,Male,234.181.33.128,Philippines
999,Kevan,Persich,kpersichrq@pbs.org,Male,220.222.169.229,China
1000,Rosette,Buck,rbuckrr@jigsy.com,Female,103.33.54.170,Portugal
